UserID,R,F,M
14,10,2,776.26
19,348,1,73.11
33,81,2,487.38998
43,335,1,166.38
62,131,4,1376.92
67,3,10,3660.09
77,151,1,128.16
80,27,2,1257.1399
106,58,4,1369.76
118,0,5,925.6099
138,33,29,11384.871
147,4,22,4178.1597
155,187,2,2605.0398
176,13,1,284.03
190,26,9,5376.2188
210,130,1,88.24
213,39,2,-113.02
218,257,1,2037.82
219,9,7,2606.7102
222,124,4,505.46
226,193,3,3470.58
241,0,16,10092.41
259,1,10,7936.7393
292,19,1,117.65
309,35,12,1551.9807
334,298,1,294.12
336,14,2,1654.62
363,103,1,130.25
370,7,17,8052.119
376,125,3,779.82996
379,117,1,378.15
380,172,4,1431.9298
391,39,8,6196.6396
412,18,9,5285.2793
423,225,3,2831.0898
427,39,2,1663.87
428,175,1,511.76
454,162,3,649.57
473,74,5,300.41998
481,186,3,1957.98
493,47,1,159.66
495,1,48,44642.406
496,359,1,78.99
497,319,1,1743.7
509,2,20,9000.528
519,224,1,79.83
538,69,3,521.01
541,355,1,115.97
545,127,3,604.20996
552,29,6,3102.9204
560,4,5,298.33
562,1,3,738.23
570,127,2,798.74
575,4,3,2993.27
578,8,3,307.56
579,113,8,1286.56
582,10,8,4029.44
584,356,1,226.89
585,41,3,684.87994
595,1,13,6468.2793
597,76,18,19267.24
631,56,8,1313.39
635,29,1,773.11
661,19,15,9936.9795
672,347,1,758.82
673,96,5,4823.54
683,172,5,1432.79
689,1,17,3683.6301
693,145,6,2685.72
724,350,1,292.01
726,169,2,110.91
727,13,1,123.53
728,53,8,16688.889
730,235,1,2613.44
744,348,1,131.09
750,222,3,138.67
758,18,6,2026.05
761,4,15,23121.838
787,93,2,100.84
788,267,3,430.24002
804,274,3,1263.02
817,0,3,401.26
829,322,1,989.08
836,29,13,7761.3604
838,147,8,3187.45
856,270,1,27.730003
870,22,13,9245.79
888,144,3,683.62
892,67,1,88.24
918,1,39,21397.098
928,253,1,225.20999
930,18,15,4140.3604
939,156,2,179.42
974,0,1,402.94
975,67,7,3180.39
987,146,2,279.83002
992,361,1,264.71
1000,131,2,588.24
1001,81,3,698.32
1005,165,13,4204.7495
1006,145,1,119.32
1009,153,4,738.66003
1013,148,1,130.25
1017,46,2,669.74
1021,356,2,2193.26
1027,35,1,105.04
1039,29,4,12011.751
1050,170,2,1820.16
1062,81,6,4863.0205
1071,183,4,1242.86
1097,54,1,378.15
1103,1,18,6552.93
1106,15,11,2114.5
1111,324,1,60.92
1149,27,7,3978.1904
1152,176,8,2712.18
1168,84,1,1050.42
1183,280,2,107.55999
1196,252,1,647.05
1197,348,2,330.25
1208,145,2,133.61
1209,345,1,520.16
1232,3,60,21620.52
1234,26,4,5187.81
1242,127,4,2603.7798
1264,4,2,1343.7001
1268,188,1,752.1
1285,175,2,305.89
1295,15,14,11287.39
1297,208,8,22707.52
1301,68,11,5837.8003
1308,11,14,2892.44
1309,173,4,3000.8496
1314,195,3,2310.93
1318,28,17,6821.46
1321,20,7,2168.4902
1324,327,1,428.57
1328,252,4,2372.26
1341,55,8,7037.8003
1346,12,1,190.76
1351,18,1,14.709999
1374,153,1,268.91
1385,0,7,2424.8
1393,174,2,610.08
1394,358,1,78.15
1400,10,5,2975.6104
1413,0,28,18018.088
1418,331,1,368.07
1420,321,1,325.21
1424,53,3,189.08
1427,13,4,900.84
1432,81,1,14920.201
1440,265,3,741.17
1443,76,11,8169.76
1450,12,3,1078.15
1461,88,1,717.64
1462,54,2,268.91
1463,179,2,1018.50995
1487,25,2,533.61
1491,34,14,8518.069
1496,8,1,72.69
1502,0,3,324.37
1510,132,2,815.13
1515,354,1,340.34
1518,40,9,2950.42
1528,348,1,511.76
1543,18,2,957.97
1547,46,3,1899.5701
1548,223,1,50.42
1549,54,5,739.91
1550,32,2,3077.32
1566,125,1,201.68
1580,328,1,88.24
1582,151,3,837.82007
1587,49,2,2567.23
1598,141,1,58.82
1599,37,1,1210.0801
1610,11,7,5846.1997
1613,162,2,149.16
1615,175,1,211.76999
1626,13,9,7193.5103
1637,104,1,36.55
1675,16,7,7769.33
1685,263,4,1989.92
1700,200,2,180.67001
1703,62,3,970.58997
1717,88,4,1291.61
1726,8,2,3076.4802
1735,117,6,564.70996
1737,32,4,1319.35
1749,160,2,1164.71
1751,98,4,3231.93
1760,95,6,3668.07
1767,128,7,588.2501
1788,96,1,1273.11
1794,349,1,85.71
1798,68,8,13188.25
1802,0,6,1027.73
1814,321,2,821.85004
1820,25,8,3094.5403
1831,0,6,930.24005
1836,67,4,1313.8601
1843,13,4,1606.72
1849,264,1,0
1855,9,1,105.04
1856,60,3,348.73
1862,161,2,183.84
1864,135,2,174.79999
1867,7,9,13232.37
1871,1,8,1101.69
1882,130,1,632.77
1920,1,9,5395.8105
1926,335,1,210.08
1933,23,8,1068.08
1936,81,5,552.1
1943,347,1,12.600002
1946,12,27,19347.871
1960,27,32,24092.867
1967,329,1,20.17
1968,134,2,592.44
1983,13,6,2794.41
1989,207,1,126.05
2011,229,1,281.51
2042,146,1,72.27
2076,81,3,1596.84
2080,168,4,1552.1
2081,182,1,56.72
2092,181,3,689.07996
2094,113,4,1126.0599
2112,88,3,621.86
2120,61,5,2326.48
2138,173,5,340.34
2141,349,1,189.08
2146,13,1,182.35
2162,2,30,8710.489
2171,12,25,8878.988
2178,193,3,1972.26
2186,18,1,105.88
2201,351,1,143.7
2213,351,1,581.5
2216,4,6,2465.1301
2229,158,2,165.13
2235,180,3,6349.6094
2237,214,1,172.27
2243,162,1,368.07
2246,249,1,1004.2
2249,345,2,115.119995
2258,349,2,1831.1001
2261,9,2,640.75995
2262,26,7,1968.9199
2268,84,2,1831.9299
2272,349,1,63.03
2275,184,1,172.27
2279,26,1,159.66
2284,120,10,1600.0001
2297,291,2,944.54004
2298,7,2,1404.21
2304,2,35,7396.6597
2308,32,1,42.02
2310,154,1,1341.1699
2316,70,4,1174.79
2318,0,29,12081.312
2320,0,12,1683.55
2338,177,1,93.28
2348,263,1,391.59
2384,270,1,105.04
2388,40,34,7864.699
2395,10,11,5441.1895
2397,209,1,84.03
2399,357,1,292.44
2432,167,1,194.12
2443,57,2,2773.95
2464,9,7,3808.5603
2468,0,9,42657.527
2538,12,4,4491.2397
2555,0,5,659.66003
2570,2,1,3840.76
2580,168,10,1002.1
2589,165,1,50.42
2594,1,1,115.97
2597,14,28,13369.281
2598,29,3,226.89
2605,356,1,0
2616,14,5,3831.08
2625,179,2,721.01
2626,1,11,2558.3801
2632,54,1,50.42
2633,246,2,185.72
2637,7,19,7315.9907
2645,120,4,1738.6699
2651,2,9,1325.2101
2658,9,15,6781.47
2671,207,1,159.66
2681,62,4,1022.27997
2698,350,1,380.67
2714,144,2,1416.81
2717,43,1,252.1
2726,222,1,67.23
2727,141,2,588.67
2735,85,2,0
2744,260,2,410.93002
2747,162,2,118.49
2752,354,2,443.69998
2753,15,5,2139.52
2762,160,1,827.73
2770,354,1,728.57
2798,321,1,73.11
2825,177,4,2156.3
2849,271,1,96.64
2850,159,2,510.08002
2864,202,5,1624.3801
2866,110,4,61.35003
2882,118,2,65.13
2892,46,4,815.97003
2909,15,27,5935.26
2927,259,2,2561.34
2948,10,11,4299.14
2968,168,3,4474.81
2978,327,1,392.86
2990,209,1,1042.02
2993,257,1,907.57
3008,341,2,347.06
3024,25,19,5917.22
3026,1,8,12906.291
3038,105,1,63.87
3039,166,10,4062.9998
3050,341,1,45.379997
3058,9,24,33099.184
3072,8,17,8105.02
3073,10,24,5047.8804
3078,13,44,32463.527
3089,32,3,536.97
3095,340,1,-15.130005
3121,20,8,2863.45
3175,190,3,1260.5099
3177,341,1,181.51
3180,256,3,1206.72
3183,334,1,314.28
3192,180,4,131.09999
3200,10,1,46.22
3225,337,1,1113.4401
3231,19,1,79.41
3250,291,1,134.45
3275,216,4,595.79
3285,47,1,210.08
3299,341,2,197.48
3302,324,1,312.6
3335,12,5,1030.26
3347,310,1,584.87
3357,180,2,536.14
3360,351,1,786.55
3385,242,1,63.03
3391,222,1,207.98
3394,322,1,50.42
3398,142,2,670.86
3402,254,3,375.63
3415,158,2,2570.16
3418,1,6,588.24
3420,194,1,58.82
3424,1,1,48.739998
3426,103,2,528.58997
3470,22,26,27526.885
3477,151,3,97.48
3480,302,2,238.66
3484,344,1,37.82
3488,246,4,698.32996
3489,351,1,151.26001
3503,4,2,1134.4601
3504,236,1,668.06
3519,159,2,239.5
3524,176,2,1048.74
3528,77,4,924.46
3531,251,1,121.85
3534,305,1,98.32
3563,12,1,291.18
3564,130,4,3929.83
3599,2,24,10421.439
3604,158,1,134.46
3607,123,1,105.88
3635,34,19,6784.4805
3643,55,4,612.60004
3650,165,5,874.79004
3653,341,2,471.44
3663,204,1,56.72
3670,135,6,94.95
3676,8,51,22317.719
3682,319,2,204.2
3694,319,1,83.19
3711,9,3,1564.29
3712,302,1,84.04
3722,173,1,-147.06
3726,4,2,434.45
3758,95,1,1.52588E-05
3759,2,3,1493.2799
3773,8,6,1908.8301
3789,145,2,0
3792,316,2,243.7
3823,157,1,287.39
3826,209,1,651.26
3832,56,2,915.95996
3840,214,1,215.95999
3846,21,12,17182.36
3852,0,5,526.47
3859,1,11,4577.73
3862,151,2,785.72
3870,162,3,123.100006
3874,75,1,268.49
3879,9,4,12652.941
3889,109,1,327.73
3894,320,1,768.9101
3896,8,9,5499.98
3915,167,3,751.26
3922,357,1,2176.47
3928,3,2,2005.0399
3940,41,3,302.71997
3941,132,1,1491.6
3947,15,15,1995.4001
3956,14,3,2249.58
3970,7,2,565.13
3976,169,7,2662.16
3990,195,2,302.94003
3994,179,1,277.31
4003,362,1,751.26
4008,224,1,205.88
4010,118,1,-42.86
4030,265,1,1021.01
4038,18,12,4371.1597
4048,176,5,4420.1597
4054,53,1,63.03
4061,119,3,119.75
4113,189,1,84.03
4141,181,1,189.08
4148,0,8,1374.4001
4150,131,1,247.06
4151,162,1,138.65
4161,153,1,1558.83
4170,224,3,553.79
4174,328,1,319.31998
4190,221,1,100.84
4191,111,1,331.93
4194,26,1,56.3
4201,203,1,114.7
4226,125,4,890.23004
4229,118,1,105.04
4244,78,5,1603.3701
4260,134,1,675.63
4267,162,1,75.63
4282,293,1,68.07
4289,58,1,528.99
4295,95,4,2304.2
4307,28,24,18124.312
4309,40,2,644.54004
4327,176,1,63.03
4334,188,1,1352.9501
4360,11,1,102.94
4361,362,1,118.49
4382,91,2,422.28
4396,9,1,19.329987
4400,15,3,1083.61
4412,10,5,2103.4502
4415,127,1,60.5
4418,354,1,300
4436,71,2,45.379997
4437,350,1,181.51
4438,79,1,1117.65
4447,161,3,442.02002
4455,1,12,5491.39
4462,85,3,113.45
4464,326,1,165.97
4475,354,1,554.63
4480,347,1,88.24
4500,216,1,1222.69
4506,91,2,400.85
4509,183,2,683.19
4514,2,6,996.64
4517,111,3,680.68
4527,145,4,303.78998
4534,124,2,330.26
4535,1,3,1244.53
4547,26,1,67.23
4553,8,3,741.17004
4576,260,1,533.61
4589,126,2,1172.27
4590,169,2,220.17001
4593,252,1,831.93
4601,253,1,600.83997
4606,61,11,2857.1099
4618,121,3,1050.85
4629,326,2,1742.87
4632,7,5,5270.17
4638,57,1,63.03
4641,2,1,220.59
4651,15,9,2964.0698
4655,162,1,262.18
4659,209,2,618.48
4669,167,1,35.71
4681,300,1,7.5599976
4684,348,1,905.04
4688,160,3,1067.23
4689,57,2,836.14
4694,315,1,173.95
4697,72,1,336.13
4715,158,2,6826.4595
4733,88,3,2331.51
4739,165,1,930.26
4749,161,1,484.96002
4755,323,2,151.26
4770,160,1,1966.3901
4771,267,1,84.03
4781,7,12,6463.6704
4790,109,3,461.94
4799,232,3,1316.81
4801,14,1,194.11
4813,348,1,196.64
4814,131,9,11157.141
4824,7,23,20875.217
4835,340,1,2087.3901
4837,355,1,336.13
4865,0,1,386.55
4884,95,4,2088.6501
4909,162,1,52.94
4911,16,4,914.28
4918,39,3,431.09998
4936,27,3,302.52002
4950,2,14,8234.5205
4953,163,1,83.19
4966,133,3,335.01004
4968,88,4,377.31
4979,15,1,138.66
4990,2,1,566.81
4991,15,15,13024.739
4994,18,2,306.72
4999,27,10,5143.0493
5006,0,4,2130.3398
5012,347,1,148.74
5022,287,1,201.68
5028,85,4,3316.81
5065,2,4,5760.51
5079,8,3,280.66998
5098,175,2,1115.13
5115,312,4,1850.6201
5117,7,3,399.15997
5128,195,1,126.05
5135,1,24,5781.119
5142,85,1,584.03
5148,163,2,647.06
5149,195,3,486.55005
5165,195,3,-154.62
5168,348,1,226.89
5169,2,1,100.84
5193,152,1,242.02
5196,29,18,5634.8
5209,263,1,235.29
5217,1,3,408.41
5230,22,8,1168.5
5238,228,1,71.43
5242,111,2,1582.14
5252,179,1,95.8
5253,165,2,434.88
5255,131,6,2745.26
5269,197,5,1509.25
5274,15,10,4778.7896
5276,183,3,1411.7699
5281,282,3,1147.0599
5296,141,1,132.74
5299,23,2,402.52002
5304,58,2,953.77997
5308,46,8,6015.13
5324,348,1,147.06
5352,60,1,75.63
5371,215,1,54.62
5382,188,4,818.49
5392,260,1,109.24
5398,11,13,13580.2705
5399,10,31,9384.48
5405,99,1,168.07
5410,152,3,905.04004
5412,128,1,165.93001
5413,34,2,534.04004
5415,7,18,13877.318
5435,15,4,399.16
5445,222,1,113.45
5450,121,4,5584.0405
5464,91,11,5770.57
5475,194,1,147.06
5478,10,4,2464.7002
5483,7,1,270.59
5485,83,7,2572.0398
5486,25,4,5694.96
5492,120,5,2763.0298
5503,85,4,9165.959
5507,225,1,218.49
5531,110,10,4211.75
5535,2,2,553.78
5536,10,17,10189.11
5540,246,1,390.76
5546,10,2,253.78
5554,216,1,491.59
5584,133,3,577.32
5611,148,1,557.14
5618,158,1,838.23
5622,349,1,864.71
5650,133,2,2236.1301
5657,15,3,757.99
5660,292,1,147.06
5666,205,2,193.28
5675,2,3,2052.11
5693,7,2,1255.47
5698,350,2,327.72998
5724,328,1,35.29
5730,2,16,3660.9094
5737,1,21,8351.489
5741,4,1,126.05
5779,263,1,1151.26
5794,7,8,1048.74
5795,330,1,138.66
5800,99,2,336.27997
5812,95,1,592.44
5817,57,4,474.77997
5818,314,1,344.54
5833,19,1,70.59
5840,74,1,105.04
5843,342,1,178.99
5844,2,1,179.41
5862,284,4,1184.03
5879,126,3,1857.98
5882,47,1,4.209999
5889,1,1,85.28998
5892,155,1,31.51
5897,126,1,90.27
5909,340,3,257.99
5915,1,4,1262.61
5916,120,1,256.30002
5917,310,2,153.78
5961,260,1,2631.93
5968,4,3,1454.63
5969,0,7,1587.3799
5978,7,7,1334.88
5980,174,1,313.02
5991,327,1,212.18
5994,329,2,298.32
5995,137,4,606.73
6030,76,7,2310.08
6045,362,1,0
6053,139,3,887.4
6054,151,2,158.82
6066,0,4,661.76
6070,20,1,159.66
6075,67,1,385.71
6084,53,2,298.32
6097,233,2,184.87
6114,82,1,84.04
6136,91,4,1673.9402
6152,96,1,273.95
6192,116,2,835.50995
6193,357,2,630.25006
6197,15,6,2479.82
6228,30,20,2871.44
6232,242,1,109.24
6238,11,15,5741.59
6248,19,5,363.87003
6250,159,1,118.49
6251,313,2,714.28
6253,8,17,13558.849
6258,165,1,2184.8801
6270,176,1,1204.21
6273,18,13,25592.121
6279,11,4,2749.99
6284,347,1,247.9
6286,10,9,1478.1501
6290,132,1,60.5
6314,0,14,28470.602
6327,284,2,1614.7
6343,12,1,92.44
6371,215,2,1070.59
6377,225,1,1082.35
6385,172,1,146.22
6387,347,1,75.63
6406,106,1,697.47
6422,124,5,4723.5303
6436,1,2,2085.71
6437,116,1,86.28
6462,351,2,540.33
6463,212,2,849.58
6466,279,1,163.87
6467,341,1,635.29
6479,163,1,55.46
6480,1,6,1878.58
6503,16,6,3210.52
6505,4,4,577.73004
6510,11,8,33885.715
6516,314,2,298.31
6520,47,1,247.9
6522,102,1,33.61
6534,92,2,855.43
6541,23,2,140.75
6548,26,2,497.05
6562,1,1,-73.53
6596,211,1,222.69
6617,319,1,93.28
6641,267,1,1000
6643,11,1,117.65
6654,42,6,857.15
6666,7,1,84.87
6675,23,32,6086.139
6677,204,1,361.35
6702,340,3,1273.1201
6742,335,1,99.16
6764,89,1,705.88
6790,169,1,128.57
6795,37,5,2413.4497
6833,15,5,1257.9901
6838,131,3,651.26
6845,86,1,134.45
6851,229,2,196.64
6864,4,18,20978.992
6869,194,2,159.66
6871,26,4,871.4099
6874,35,13,2702.5203
6891,35,12,5228.1597
6907,103,1,42.010002
6916,37,7,6307.561
6923,83,3,4325.64
6926,142,5,4834.42
6942,2,21,12955.881
6943,82,2,8.390015
6972,18,7,10967.259
6993,254,2,277.31
7024,194,1,177.31
7039,316,1,30.25
7043,350,1,294.12
7053,25,1,1435.3
7067,105,3,428.56003
7074,0,67,66801.66
7093,107,3,626.05005
7098,251,3,320.17
7109,182,3,1777.3301
7114,2,5,1927.3
7123,286,1,117.65
7138,132,3,3373.8901
7142,166,1,155.54999
7143,55,14,7947.9
7153,176,2,302.52002
7169,26,12,2925.42
7172,85,25,30638.727
7179,112,5,2161.77
7182,214,2,661.36
7189,201,1,92.44
7230,53,1,163.87
7238,8,6,2579.18
7247,34,1,92.44
7250,32,1,403.36
7254,176,2,2258.82
7256,200,2,592.44
7260,159,3,366.38
7263,14,10,3897.8699
7281,331,2,1777.3
7282,225,3,545.38
7301,1,7,2369.3098
7316,249,4,5082.211
7323,15,2,812.6
7330,322,3,852.1
7340,174,3,556.3
7350,7,4,3755.47
7369,152,1,204.20001
7381,4,3,-576.48
7384,231,1,226.89
7385,188,1,58.829998
7387,181,2,197.48
7391,9,19,15131.554
7398,118,11,4670.18
7410,252,1,126.05
7418,8,19,34603.39
7421,299,1,126.05
7430,10,1,935.29004
7431,162,1,1246.2201
7442,20,9,9470.181
7447,179,3,826.0499
7448,142,1,151.26
7453,172,3,2091.59
7475,190,2,915.98
7483,0,2,281.52
7491,111,2,2009.23
7505,25,2,1789.5
7506,120,1,52.52
7510,327,1,199.16
7513,158,2,1182.35
7525,207,1,231.09
7544,2,18,7162.61
7552,169,2,397.90002
7554,104,2,126.049995
7555,146,1,31.079994
7556,10,4,1132.36
7560,22,15,19572.26
7562,146,3,407.56998
7567,11,3,2750.42
7575,2,3,824.37
7576,180,1,388.24
7596,239,1,743.68994
7599,302,5,3079.0002
7602,18,1,511.76
7608,334,2,1696.6501
7638,351,1,902.52997
7643,97,2,386.56
7646,1,5,1043.69
7659,15,17,7612.61
7664,228,1,210.08
7683,362,1,172.27
7689,1,12,9519.55
7693,162,4,1984.05
7710,243,1,67.23
7721,1,1,285.29
7732,169,4,1148.33
7733,344,1,84.03
7736,347,1,347.88998
7743,169,1,95.8
7755,26,1,191.59
7757,71,1,600.84
7761,76,4,584.63
7762,158,1,81.93
7775,330,1,105.88
7783,18,23,12822.212
7786,300,1,161.34
7792,148,5,4622.67
7800,62,5,454.44998
7807,123,1,317.65
7845,298,2,1094.11
7854,67,1,235.29
7855,60,1,302.52
7857,146,1,88.24
7858,99,1,415.97
7870,23,8,2275.1
7872,0,3,1134.45
7914,56,1,9811.35
7918,12,4,488.65
7926,32,1,467.23
7932,11,3,707.14
7935,162,2,516.81
7942,12,4,534.03
7951,4,32,9897.471
7960,72,6,3084.2297
7966,139,2,112.61
7980,256,1,138.66
7989,158,1,277.74002
7991,208,4,1047.9099
7998,118,5,594.52997
8006,69,1,411.76
8012,48,9,2739.2402
8019,173,6,2448.31
8021,1,1,199.16
8026,19,3,668.91
8059,174,1,157.14
8074,151,1,103.54
8077,13,7,484.39
8083,208,1,445.38998
8084,264,1,338.66
8089,221,4,936.98
8092,358,3,1020.17004
8095,23,3,1689.08
8105,1,21,19052.27
8126,16,1,468.07
8130,348,1,115.97
8131,186,1,159.66
8153,47,3,2729.4102
8157,148,1,189.08
8163,183,7,4490.7803
8180,252,1,214.29001
8183,172,2,342.85
8209,10,5,1281.5099
8212,18,12,8825.061
8216,347,1,83.19
8223,1,5,407.96997
8238,4,1,63.03
8239,313,3,217.86
8241,23,11,6575.22
8271,233,1,117.65
8276,298,1,168.06999
8278,116,1,205.87988
8283,260,1,231.09
8286,27,16,5211.4595
8316,76,1,105.04
8317,195,2,382.36
8324,60,8,3674.8
8332,57,6,1274.78
8347,181,8,10795.781
8349,74,7,9436.959
8350,0,29,4031.53
8356,12,7,3600.5496
8357,76,2,705.88
8370,46,1,268.91
8371,120,3,657.56
8377,152,1,110.92
8394,117,1,373.95
8412,193,2,857.14
8415,4,43,21307.125
8429,125,1,77.73
8452,147,4,1193.29
8461,28,3,1307.99
8465,279,2,0
8470,57,4,965.76
8477,159,1,0
8485,212,3,1327.72
8487,125,1,102.94
8506,280,3,357.13998
8512,32,4,1273.9501
8522,10,17,10418.06
8533,277,1,252.1
8569,1,15,9736.56
8573,307,1,252.1
8574,32,11,936.5501
8584,250,1,239.5
8585,271,1,54.2
8586,36,3,-1075.63
8622,26,30,9860.141
8634,289,1,1084.03
8638,19,1,0
8643,359,2,284.87
8655,26,9,1622.27
8662,11,10,5331.85
8670,65,1,121.85
8678,348,1,161.34
8685,250,1,1430.25
8701,167,9,15122.71
8718,362,1,105.880005
8724,226,1,33.61
8741,326,1,113.45
8747,53,1,142.86
8754,29,2,24.37001
8757,333,1,231.09
8773,249,1,584.07
8780,182,2,166.38
8783,116,1,92.44
8793,7,1,60.5
8813,26,4,1135.7201
8818,151,1,214.29001
8819,218,2,4697.4697
8827,336,1,297.48
8837,0,4,621.42004
8847,7,9,3710.3901
8848,348,2,0
8849,329,1,0
8857,250,2,404.2
8859,25,9,3346.2205
8874,3,8,2000.85
8875,7,14,6470.839
8885,260,1,134.45
8898,35,2,990.75
8901,141,3,166.39
8920,39,3,458.81003
8924,2,10,13715.13
8927,140,1,685.71
8929,169,4,60.51001
8932,166,1,70.59
8937,10,8,4793.29
8940,158,1,467.23
8947,0,3,1091.9999
8950,27,1,218.49
8958,10,5,1470.59
8965,41,18,17326.873
8985,235,3,617.65
8988,167,2,273.95
8990,7,1,49.579994
8994,209,1,495.8
8998,257,1,100.84
9015,351,1,778.99
9018,25,2,778.99
9022,246,1,121.85
9025,145,2,1114.27
9027,168,3,168.91
9029,195,1,705.88
9072,9,23,13714.2705
9076,180,2,565.04
9077,260,1,159.66
9078,351,1,100.84
9092,70,1,106.72
9097,1,4,648.75
9106,237,1,781.51
9119,1,4,814.28
9120,204,2,306.72
9141,78,2,1793.2601
9149,36,7,3528.9897
9161,362,1,478.99
9173,19,4,2406.7197
9191,187,1,48.74
9198,123,1,135.71
9206,151,3,1220
9233,299,1,100.84
9265,10,1,-105.04
9271,14,4,965.54004
9281,151,1,84.03
9286,0,1,226.89
9305,10,1,147.06
9309,113,1,323.53
9346,12,2,1920.1599
9347,10,2,1229.4099
9369,11,1,1384.87
9371,57,1,247.9
9372,109,5,1947.04
9384,330,4,603.36
9388,139,1,493.27002
9403,36,6,1422.7001
9405,97,11,14665.58
9450,11,2,826.05
9458,8,1,201.68
9461,58,2,1114.9299
9462,16,14,7323.6
9463,0,2,-25.210007
9464,0,3,2198.3198
9478,116,4,3960.51
9487,263,2,550.42
9493,20,1,92.44
9502,7,4,620.59
9531,161,3,360.51
9545,25,8,6745.3794
9547,9,1,35.29
9549,2,2,148.23001
9657,226,3,933.61993
9674,166,1,643.69
9676,197,2,680.88
9678,347,1,849.57996
9687,18,1,109.24
9688,11,3,1482.78
9707,249,1,1289.92
9710,251,1,136.98001
9715,155,1,105.05
9722,39,2,149.16
9751,10,28,12699.16
9762,156,2,466.38998
9772,179,1,49.58
9794,348,1,350.42
9808,350,2,4909.26
9815,11,3,493.28
9839,165,1,1169.74
9842,36,4,515.13
9846,65,1,54.62
9862,51,2,262.61
9863,175,4,3142.8599
9884,65,2,336.14
9900,331,1,1017.64996
9903,167,2,151.26
9909,189,2,0
9912,186,1,873.9501
9921,2,1,123.53
9923,148,1,80.259995
9938,18,4,3801.1099
9939,180,2,231.94
9945,36,6,2526.0398
9950,295,2,593.27
9976,357,1,65.55
9981,7,1,208.41
9995,0,2,583.19995
10024,224,1,117.649994
10031,11,3,1807.1501
10048,312,1,289.92
10058,27,2,197.47
10066,54,15,4264.71
10067,116,1,113.45
10072,25,4,735.24
10073,27,3,1163.87
10092,32,2,338.23
10103,33,1,100
10106,81,1,445.37
10114,341,3,1210.0801
10121,162,1,143.7
10124,334,2,1013.44995
10134,233,1,340.34
10135,4,3,1853.79
10144,13,3,1879.8202
10148,242,4,288.22998
10176,267,1,126.05
10190,186,1,293.28
10196,57,3,1578.15
10206,347,1,336.13
10219,172,2,75.63
10222,173,1,-2.5200043
10233,7,7,1298.74
10242,1,2,348.56
10249,134,7,1933.19
10255,161,1,55.46
10273,153,1,733.62
10274,25,2,129.83
10287,180,1,836.97
10292,11,1,250.42
10293,10,3,424.79
10299,354,1,647.9
10300,91,4,4377.32
10303,41,1,155.46
10306,12,1,161.76999
10325,315,1,53.45
10330,361,1,509.24
10335,347,1,226.89
10343,61,1,67.23
10355,176,1,4152.02
10357,26,2,447.06
10362,151,2,452.21002
10378,326,2,128.57
10394,254,1,94.54
10397,4,1,64.71
10402,25,1,476.47
10415,176,1,193.28
10416,349,1,54.62
10433,357,1,521.01
10435,7,5,1902.53
10444,358,1,274.79
10457,60,3,166.39001
10502,8,1,-297.06
10519,159,6,950.84
10530,172,2,198.31
10531,4,1,46.23
10532,347,1,50.42
10545,7,12,1736.9801
10556,362,1,831.93
10583,77,2,1214.2899
10589,355,1,5578.1494
10596,18,2,268.49
10605,25,1,50.42
10606,0,5,657.14
10629,30,1,86.97
10631,8,1,214.70001
10641,330,1,327.73
10642,158,1,134.45
10658,217,1,97.35
10661,158,2,41.170002
10727,320,1,663.03
10731,159,4,534.87
10737,173,4,924.37
10738,9,1,117.65
10756,293,1,126.05
10758,3,2,253.78
10777,1,3,453.36
10787,312,1,326.88
10794,158,3,207.14
10820,81,2,396.65002
10822,169,5,1729.4401
10836,141,2,638.87
10874,125,1,268.91
10880,321,1,685.71
10883,306,2,658.82996
10886,33,1,167.22
10892,0,1,21.010002
10914,1,4,673.0999
10915,26,1,111.76
10939,41,4,331.93
10941,249,1,106.19
10952,232,2,277.32
10956,107,1,0
10972,155,3,676.47
10985,32,2,1301.6799
11015,187,2,588.24
11044,277,1,159.66
11067,243,1,1192.45
11072,7,3,1078.15
11078,317,1,83.19
11106,7,4,2186.9697
11108,347,1,89.91
11145,116,2,470.59003
11150,162,1,10.079994
11151,134,5,761.33997
11162,0,3,2203.78
11181,224,1,310.92
11190,282,3,1274.37
11192,74,4,4665.5693
11212,110,1,163.87
11217,215,3,37.820023
11232,23,4,4696.63
11250,159,4,1796.2198
11253,350,2,113.44
11268,316,1,126.05
11277,27,7,5678.98
11288,68,1,131.09
11301,172,3,1008.43005
11302,187,2,247.9
11307,99,1,826.89
11308,81,2,386.55
11322,44,9,6524.381
11333,1,13,2463.0198
11343,33,8,1850.01
11360,0,22,7127.3
11368,1,3,610.92
11418,1,3,8.830002
11419,320,1,306.72
11429,53,7,2727.7297
11434,8,11,2111.3499
11444,148,1,54.62
11450,124,2,307.56
11460,159,1,115.55
11482,208,5,1310.92
11515,8,1,50
11518,82,1,121.850006
11527,171,1,134.51999
11529,151,1,499.16
11558,340,1,118.49
11559,43,5,5232.35
11560,144,1,157.56
11576,125,3,104.87
11589,123,1,69.33
11613,215,5,4779.8203
11623,2,12,4159.66
11636,8,1,411.76
11643,274,1,210.07999
11653,11,2,1159.6699
11661,172,1,45.38
11680,130,1,589.38
11681,180,1,80.67
11682,230,1,-105.04
11691,116,1,109.24
11692,41,2,390.76
11699,349,1,214.29
11709,23,3,1039.5
11718,340,1,350.42
11724,280,1,37.819992
11728,254,1,0
11729,334,2,553.78
11735,237,1,445.38
11750,341,1,2364.7
11759,9,2,729.41003
11762,2,1,161.34
11763,40,1,180.67
11766,268,2,1546.64
11778,165,2,665.55
11785,109,1,75.63
11787,107,3,239.07999
11792,166,3,473.95
11803,4,1,800
11807,282,1,88.24
11832,141,3,2682.36
11833,32,1,78.99
11841,18,2,1856.3
11843,309,1,294.12
11847,20,2,0
11851,19,6,4287.8105
11865,32,1,12.61
11890,124,1,186.55
11899,10,1,5.880001
11909,223,1,302.52
11927,4,1,127.729996
11930,162,1,100.84
11946,258,1,184.87
11947,9,1,58.82
11954,362,1,151.26
11960,13,4,1123.95
11964,151,1,245.58
11965,33,1,414.28003
11970,335,1,133.60999
11999,330,1,73.11
12018,169,5,3116.81
12044,29,2,168.06
12066,127,4,276.06
12070,8,1,200
12074,74,4,15027.75
12077,267,2,47.06
12117,74,3,233.62
12120,260,1,252.1
12127,18,2,400
12141,187,3,1075.2201
12143,342,1,259.66
12149,257,1,52.94
12153,333,1,297.48
12160,166,1,158.82
12165,11,16,10750.239
12167,218,1,441.16998
12173,30,1,138.66
12209,211,1,1218.49
12212,230,1,155.47
12221,10,4,640.34
12228,193,1,201.68
12239,76,2,399.16998
12241,29,10,13693.287
12248,273,3,315.97
12256,20,1,197.48
12311,1,27,12389.942
12327,264,1,605.04
12329,79,11,10618.521
12335,4,2,-52.940002
12336,312,1,547.05
12346,279,1,105.04
12353,93,7,534.87
12358,170,5,638.66
12417,173,2,411.76
12422,91,1,289.92
12428,230,1,113.45
12439,345,1,212.18
12445,117,1,420.17
12446,341,1,294.12
12448,1,18,8401.499
12452,307,2,196.64001
12453,218,2,2542.02
12456,298,2,226.89001
12468,134,3,415.13
12486,109,11,3241.83
12500,214,1,100.84
12504,135,6,1404.2
12522,99,2,378.15
12544,85,1,121.85
12557,349,1,-40.330017
12564,173,1,95.8
12574,320,3,574.79004
12586,214,2,294.94998
12587,237,2,134.45
12588,337,1,11.770004
12614,25,1,75.630005
12626,298,1,256.31
12631,194,1,243.69
12634,22,3,2021.8301
12655,153,1,175.21
12681,362,1,388.24
12684,327,1,110.93
12715,4,1,84.03
12728,271,3,2001.6699
12732,222,4,302.51996
12739,67,2,1046.22
12754,10,10,7263.9097
12755,41,1,365.55
12756,254,1,739.5
12785,158,4,633.61
12789,75,2,865.54004
12793,344,1,70.59
12797,8,1,50.42
12825,340,1,697.48
12831,224,1,516.81
12837,88,1,7.62939E-06
12840,155,2,789.07996
12865,173,3,386.56
12883,165,1,85.71
12895,4,2,26.470001
12909,174,1,271.02
12915,333,1,45.379997
12916,39,8,3652.5198
12930,237,1,281.52
12936,1,8,7642.6196
12939,162,1,55.46
12943,79,1,508.40002
12946,33,1,1890.76
12951,20,3,1448.32
12955,54,7,8785.71
12963,235,1,63.03
12980,78,3,1130.24
12981,120,1,415.96
12998,163,5,1010.91003
13018,141,1,1841.5801
13028,239,1,210.08
13038,15,5,571.02
13042,348,1,50.42
13043,75,1,142.86
13046,167,15,10584.899
13063,141,1,40.34
13077,46,5,703.36
13090,225,1,348.74
13094,183,1,142.86
13101,247,1,212.39
13109,95,1,660.92
13123,78,1,193.28
13124,129,1,610.62
13127,32,1,84.03
13133,333,1,378.15
13134,82,5,2287.4
13144,165,1,218.91
13157,125,1,-50.42
13160,174,1,289.38
13162,257,2,871.43
13172,113,2,610.61
13173,8,2,923.53
13175,252,1,983.17993
13184,96,4,2278.76
13221,130,1,191.18
13228,202,1,268.90002
13232,212,2,166.39
13237,183,1,81.93
13253,81,1,109.240005
13261,352,1,1003.35
13264,37,1,86.130005
13316,183,1,773.95
13317,144,1,158.82
13326,30,6,3654.17
13336,12,59,3994.8909
13341,349,1,255.46
13353,179,1,55.46
13358,41,1,718.49
13361,4,2,326.89
13381,333,2,244.54999
13403,233,1,-120.58
13405,3,12,6121.8604
13409,95,1,924.37
13417,1,2,1161.35
13423,70,4,2227.31
13428,351,1,718.49
13449,68,2,211.76
13451,60,1,126.05
13452,194,1,109.24
13455,214,1,1273.11
13461,144,1,100.84
13467,109,1,71.43
13482,26,1,182.35
13512,277,1,0
13520,0,3,1344.55
13521,7,2,728.57
13523,160,1,52.94
13567,309,2,168.91
13568,74,4,1686.5402
13574,8,4,2122.6902
13575,324,1,161.34
13577,2,2,615.55
13605,361,1,189.08
13627,1,2,172.69
13633,222,1,936.97
13638,317,1,57.98
13640,351,2,168.91
13647,9,12,2175.2102
13653,334,1,-31.09
13666,250,1,367.65
13672,211,1,27.730003
13692,173,2,210.08
13702,148,1,75.63
13709,323,1,292.44
13711,140,3,1560.51
13727,20,1,242.02
13744,0,2,290.76
13748,319,1,171.43
13786,15,1,-61.76
13809,15,1,47.06
13817,4,9,7023.5303
13834,345,1,30.25
13842,194,1,264.7
13859,128,5,1951.26
13867,179,8,3352.7202
13880,1,1,58.82
13888,27,2,492.44
13890,40,7,5639.4995
13900,174,1,132.77
13919,91,4,478.15997
13920,13,4,820.17
13941,215,2,773.11
13943,321,1,20.17
13948,47,6,850.42993
13956,354,1,172.27
13966,172,2,619.46
13971,34,1,100.84
13978,341,1,486.56
13997,351,1,105.04
13999,91,1,214.29
14010,2,16,2173.97
14026,230,1,873.94995
14027,348,1,645.38
14031,363,1,277.31
14057,148,5,1053.78
14080,11,7,3105.0298
14096,334,2,1431.93
14113,337,1,231.09
14132,194,1,84.03
14149,328,2,397.47998
14167,363,1,718.48
14175,18,1,1415.13
14179,284,1,415.97
14185,70,1,84.03
14199,168,1,131.09
14202,81,3,558.82
14207,97,6,1390.35
14226,202,2,521.01
14232,173,4,678.15
14246,349,1,8.400002
14251,69,2,911.76
14255,28,7,263.02002
14265,95,4,945.37
14281,312,1,178.15001
14296,7,1,94.12
14335,201,4,1872.2601
14349,0,1,532.35
14385,326,1,52.94
14388,81,1,180.67
14398,19,1,-397.9
14427,28,8,2711.3604
14468,356,1,1615.96
14497,120,1,176.47
14507,333,1,136.13
14508,214,1,201.68
14514,0,1,207.56
14522,256,2,100.84
14534,125,1,29.41
14544,18,2,355.04
14547,218,1,233.19
14590,85,2,435.3
14592,347,1,219.33
14599,56,1,81.93
14611,211,1,478.99
14626,32,1,452.94
14657,282,1,1284.46
14663,1,3,777.74
14665,210,1,352.94
14675,16,1,26.470001
14678,124,1,231.94
14686,148,1,51.68
14687,142,1,267.23
14702,292,5,89.910034
14733,1,1,902.52
14734,246,1,80.67
14745,3,12,6142.4497
14750,43,3,130.68
14760,166,1,95.8
14761,0,27,5766.79
14762,130,1,37.82
14783,103,3,457.99
14803,2,1,0
14807,2,1,11.769997
14809,334,1,42.02
14818,186,1,563.03
14821,180,1,98.32
14837,319,1,98.32
14844,329,2,375.62997
14845,61,1,21.010002
14862,218,3,1381.51
14877,15,1,523.53
14883,354,1,634.44995
14888,19,5,285.74
14895,125,1,600
14905,4,4,2533.6099
14913,103,2,173.95999
14920,81,5,1135.7098
14922,125,1,120.18
14924,315,1,1168.0701
14925,15,3,1689.9099
14953,11,12,1278.99
14962,348,1,37.82
14964,85,1,502.09
14985,181,2,531.93
14986,363,1,42.02
14996,239,1,130.25
15012,132,1,80.67
15014,71,4,912.63007
15021,102,1,283.2
15025,26,3,419.33002
15034,133,4,404.2
15035,162,1,121.01
15039,120,1,126.05
15041,36,1,121.85
15044,265,1,146.22
15068,25,1,252.53
15079,23,3,114.28
15095,7,4,2722.6997
15103,222,1,71.43
15114,221,2,340.33
15115,159,1,589.92004
15144,158,1,647.9
15147,25,2,230.25
15156,131,1,339.5
15161,13,7,1942.0001
15174,347,1,118.49
15210,221,3,577.31
15220,50,2,2181.09
15233,104,9,2870.98
15244,196,3,373.95
15252,200,1,109.24
15276,211,1,0
15288,337,2,273.11
15293,7,2,300
15313,305,1,121.85
15315,169,1,12.61
15335,155,1,264.7
15361,3,6,2210.92
15390,347,1,378.14
15415,10,4,237.82
15438,258,4,1352.94
15440,330,1,113.45
15442,230,1,299.16
15460,249,1,58.82
15464,247,1,132.74
15470,223,1,138.66
15523,60,6,2303.38
15530,159,1,408.4
15547,119,1,31.93
15550,144,2,289.91998
15562,130,6,3039.4297
15570,118,2,1426.8899
15583,182,1,403.36
15592,355,1,438.66
15595,363,1,0
15611,224,1,50.42
15626,160,3,470.60004
15644,344,1,54.62
15657,210,1,210.08
15660,7,2,620.16
15664,327,1,142.86
15668,270,2,920.16003
15672,106,4,11465.592
15682,109,1,193.28
15686,85,3,1583.62
15687,97,1,1159.66
15697,188,1,126.05
15707,68,8,1919.1202
15710,90,11,2978.1602
15725,54,4,1340.3401
15726,230,1,201.68
15746,186,1,327.43
15768,355,1,118.49
15802,21,4,2579.83
15835,88,3,1298.3099
15836,137,1,277.31
15854,285,1,44.12
15886,93,1,563.02997
15890,18,6,2547.8
15891,343,1,579.83
15897,215,1,88.24
15921,83,3,1302.52
15926,63,6,1312.1799
15929,20,2,214.27998
15943,20,10,3068.5002
15944,7,1,473.53
15981,97,2,738.66003
16012,208,1,21.010002
16029,214,1,134.45
16038,221,1,214.29001
16061,258,1,231.09
16070,32,3,2893.28
16084,254,1,294.12
16095,139,1,63.03
16099,10,1,220.17
16105,2,1,92.44
16107,153,5,1403.7799
16113,39,1,130.25
16131,13,9,4427.9404
16138,355,1,221.85
16147,165,2,935.29
16159,40,12,4407.56
16166,10,3,1060.5
16192,120,3,410.46002
16200,225,1,710.08
16208,28,7,1074.3901
16220,169,1,254.63
16225,0,28,13943.291
16226,11,1,214.71
16265,21,9,3615.58
16276,97,2,427.73
16287,257,1,0
16292,132,2,1225.21
16304,240,1,132.74
16305,180,2,1076.47
16317,2,2,-113.45
16328,9,16,2902.11
16331,1,11,4837.4106
16338,252,1,121.85
16340,29,2,235.3
16355,224,1,218.49
16365,169,1,130.25
16380,193,2,245.37
16409,13,2,406.72
16445,200,2,1516.81
16453,260,2,672.27
16459,26,6,1343.69
16476,147,1,320.17
16479,175,1,900
16489,151,3,538.25006
16523,180,1,147.06
16529,125,1,37.82
16544,201,1,75.63
16549,230,2,75.63
16564,186,1,298.32
16579,181,4,1407.56
16585,194,1,1226.8899
16589,141,2,1444.5399
16591,15,13,3194.5798
16599,363,1,400.83002
16614,123,3,1965.9598
16625,135,5,1296.21
16629,127,1,1159.6699
16641,2,6,1299.1599
16648,189,1,28.569992
16680,85,4,1393.28
16689,50,1,210.08
16691,67,1,105.04
16698,230,1,634.45
16700,321,2,130.25
16720,329,1,590.75
16726,75,7,4310.07
16734,1,3,590.33997
16738,222,1,96.64
16740,4,10,2275.19
16749,219,3,317.65
16773,20,1,30.25
16778,284,2,563.44
16779,159,2,607.55994
16786,14,3,3372.2598
16787,0,1,205.88
16789,357,1,210.08
16821,239,33,6613.9775
16830,4,15,6854.64
16833,190,1,348.74
16860,237,1,483.19
16865,256,1,634.45
16872,258,1,126.05
16887,349,1,393.28
16895,162,1,80.67
16899,85,3,926.89
16906,236,1,142.86
16908,11,1,64.71
16923,347,2,1122.7
16932,168,2,298.74
16936,270,1,558.82
16945,83,1,302.52
16956,2,10,3934.85
16966,11,3,3902.0898
16979,15,5,2525.62
16983,190,1,176.47
16987,8,3,2705.02
17007,180,1,100
17008,67,4,966.38995
17027,135,1,633.19995
17032,155,2,289.91998
17044,222,1,268.91
17045,337,2,405.88
17046,194,3,2910.9302
17053,13,1,138.24
17060,174,4,949.58997
17098,1,1,2.9399872
17101,245,2,-41.180023
17115,243,2,415.96
17128,113,2,742.86
17133,359,1,218.49
17137,161,1,0
17160,199,1,44.25
17177,232,3,1088.67
17184,99,1,60.5
17191,26,1,222.69
17210,8,1,282.35
17217,222,1,134.45
17219,343,1,102.52002
17222,176,1,50.42
17243,32,3,1072.27
17251,159,1,98.32
17261,355,1,16.809982
17262,361,1,806.73004
17267,30,1,111.76
17289,156,1,519.33
17315,159,1,127.43
17325,252,2,878.57
17351,18,12,30418.912
17356,256,1,25.21
17362,351,2,703.36
17373,335,1,1409.24
17397,10,1,176.47
17402,74,3,378.15
17413,312,1,0
17432,84,1,105.04
17435,126,2,121.850006
17436,204,1,159.66
17444,0,2,449.58002
17465,303,1,126.05
17499,172,2,227.73
17512,250,1,63.03
17517,301,1,378.14
17520,119,3,218.49002
17525,162,1,110.92
17550,47,1,491.6
17555,8,1,176.47
17558,68,1,16.81
17596,158,1,220.59
17602,361,1,613.45
17658,169,1,249.58
17660,274,2,75.63
17676,286,1,243.7
17681,243,1,109.24
17688,201,1,193.28
17713,208,1,109.24
17720,155,4,2012.18
17721,102,2,-0.84000015
17724,193,1,1130.25
17727,36,13,16130.652
17736,163,4,974.79004
17737,236,2,226.89
17739,15,2,101.26001
17747,18,13,14241.16
17753,2,3,1018.49005
17755,274,1,184.87
17766,67,1,697.48
17773,347,1,634.45
17779,351,1,665.98
17800,25,1,82.35
17816,163,1,63.03
17824,183,5,672.26996
17827,110,4,918.8401
17841,358,1,403.36
17849,259,1,92.44002
17865,284,2,192.44
17890,298,1,1002.50995
17923,15,5,1769.74
17946,169,2,834.45
17949,4,5,753.35004
17961,123,1,50.42
17968,323,3,690.76
17974,211,1,58.82
17988,36,1,342.86
17992,1,9,2605.8896
17997,312,1,747.9
18011,299,1,0
18017,351,1,325.21002
18024,111,1,260.5
18030,0,5,982.1099
18037,250,1,726.89
18048,211,5,3957.1301
18060,1,1,1294.12
18074,76,6,1026.9102
18105,135,2,133.61
18110,82,2,693.28
18116,96,2,1231.94
18130,181,1,675.63
18133,23,1,249.57
18144,356,1,-4.199997
18160,85,3,1265.55
18174,153,1,26.89
18205,317,1,176.47
18223,329,1,1111.77
18238,146,1,55.46
18241,172,3,1201.6799
18242,293,1,178.99
18246,97,5,819.33
18248,323,1,347.9
18255,208,1,252.1
18269,7,2,729.41
18278,271,2,1896.6501
18281,97,3,2574.3699
18292,274,2,100.84001
18302,25,1,138.24
18306,163,3,473.95
18312,7,1,237.39
18323,240,2,1630.25
18329,11,6,7367.6196
18339,72,11,7160.638
18344,347,1,87.4
18345,191,1,147.06
18353,257,1,336.13
18363,237,2,1050.4199
18371,256,1,701.68
18382,7,5,1238.23
18386,81,9,1931.88
18388,345,1,1256.3
18390,232,1,373.95
18403,199,1,88.5
18406,148,1,337.82
18423,256,1,41.6
18431,135,1,60.5
18436,306,1,1000
18437,200,1,306.72
18438,32,1,142.85
18457,8,2,273.11002
18459,165,1,600
18472,4,1,288.24
18478,28,2,210.08
18509,118,1,855.05005
18528,176,2,44.120003
18529,202,1,77.31
18533,7,1,335.29
18541,4,14,4937.8203
18550,190,1,268.91
18563,272,1,79.83
18570,258,2,974.79
18572,345,1,94.54
18581,19,2,105.04
18591,307,2,67.23
18600,280,1,268.91
18617,216,1,289.91
18630,307,1,348.74
18655,26,1,102.94
18658,12,1,0
18660,48,7,13983.199
18667,68,16,4547.6997
18675,26,1,-16.810013
18686,315,1,262.18
18687,62,5,6281.9497
18696,56,1,161.34
18702,169,2,396.65
18707,142,1,193.28
18714,1,2,253.79
18726,182,1,88.24
18730,327,1,205.87
18741,25,5,356.12003
18742,187,1,100.84
18760,7,1,152.94
18765,228,2,385.72
18778,13,5,729.32996
18779,134,2,2245.37
18789,3,32,29899.291
18797,154,3,446.22
18798,0,3,1184.0399
18799,153,2,193.28
18807,67,5,1573.1101
18817,334,1,191.6
18864,169,1,140.75
18865,129,6,1841.59
18883,250,1,95.8
18896,342,1,231.09
18908,289,1,260.5
18915,319,2,119.75001
18982,183,1,172.27
18986,43,5,450.84
18987,344,1,134.45
19001,224,1,92.44
19007,51,1,224.37
19018,62,5,2000.4299
19021,176,1,456.3
19023,1,1,532.35
19030,139,1,83.19
19044,168,2,473.94998
19049,113,1,0
19052,230,2,1827.73
19066,48,1,413.87
19073,251,1,130.25
19076,7,5,2331.0996
19080,18,3,719.45
19084,162,1,186.55
19094,112,1,198.32
19098,2,9,2884.3804
19102,340,1,852.94
19116,23,1,2697.4797
19119,77,2,358.82
19120,153,1,1730.26
19144,13,5,13933.65
19147,9,5,2419.76
19148,43,9,2004.5898
19161,145,3,1994.0999
19168,158,1,50.42
19180,228,2,495.8
19191,90,3,2412.61
19207,175,2,1480.6699
19223,14,3,1431.9401
19237,91,1,50.42
19244,0,12,1878.1498
19255,128,1,92.44
19262,249,1,42.02
19269,0,2,1050.4199
19287,284,2,334.46
19302,329,1,108.4
19322,161,2,108.4
19324,321,1,957.15
19352,354,1,147.06
19361,162,1,96.64
19362,14,2,676.47
19363,298,1,247.9
19375,214,1,151.26
19393,8,12,6464.2993
19400,309,1,-7.550003
19404,224,1,285.72
19406,333,1,809.24
19413,111,1,2997.4702
19417,166,1,257.98
19450,77,16,14494.989
19452,84,1,33.61
19454,329,2,-8.400009
19458,26,1,414.71
19459,33,13,2394.51
19463,72,3,562.18
19482,326,1,123.53
19488,197,3,1228.99
19508,356,2,277.31
19523,252,3,1493.2799
19525,10,1,80.67
19536,85,3,494.12
19537,340,2,2230.2603
19539,62,3,1428.5701
19553,181,1,1831.1
19558,322,1,123.95
19561,12,4,2750.42
19564,0,4,2273.9502
19565,312,1,75.63
19586,22,10,941.62006
19598,151,4,3081.5198
19599,15,5,2424.8
19610,316,1,0
19628,117,6,534.46
19638,316,4,632.77
19643,176,3,450.83997
19655,287,1,0
19662,155,1,92.92
19663,239,1,718.49
19680,49,10,2053.3699
19693,151,2,75.64
19702,110,3,537.82
19707,284,1,0
19711,321,1,231.09
19712,68,4,3407.5498
19717,1,1,94.12
19737,225,1,138.66
19756,7,6,746.21
19760,53,1,147.9
19765,25,7,3613.89
19818,299,1,579.82996
19826,82,2,245.37
19830,160,3,487.40997
19838,18,9,587.39
19843,166,1,42.86
19851,229,1,432.77
19858,328,1,113.45
19866,263,1,201.68
19869,65,1,128.15002
19875,131,1,1064.28
19881,75,3,614.29
19885,354,1,273.11
19889,11,1,134.45
19893,0,2,461.34003
19894,197,2,583.2
19897,350,1,83.19
19899,14,1,1035.29
19900,292,1,256.3
19902,117,3,508.41
19909,68,1,373.11
19930,160,2,270.16
19933,161,2,9.23999
19938,8,10,7073.5386
19957,16,2,582.77
19972,252,1,132.74
19987,309,1,7.5699997
19998,263,1,25.21
20009,20,3,1423.53
20012,333,1,181.51
20017,138,3,372.57
20033,97,3,3173.9502
20044,155,1,154.87
20057,160,1,411.76
20066,165,1,33.19
20081,338,1,37.82
20094,243,2,2345.11
20098,249,1,185.84
20123,236,1,292.04
20127,186,2,201.77
20132,227,1,0
20158,146,5,590.69995
20168,206,1,132.74
20172,205,1,39.82
20173,205,1,106.19
20175,204,1,256.64
20176,204,1,376.11
20182,202,1,230.08
20192,200,1,154.87
20205,196,1,349.56
20221,192,1,115.04
20226,191,1,88.5
20228,180,2,599.12
20237,187,1,132.74
20271,181,1,92.92
20273,181,1,44.25
20287,178,1,183.19
20307,174,1,194.69
20351,167,1,185.84
20356,166,1,350.44
20367,165,1,305.31
20375,164,1,238.94
20383,162,1,496.46002
20386,162,1,69.03
20405,159,1,400.89
20421,155,3,647.76996
20427,127,2,255.75
20452,153,1,361.06
20487,148,1,92.92
20502,146,1,169.91
20516,141,2,154.87
20520,143,1,122.12
20521,143,1,172.57
20535,142,1,151.33
20547,138,2,508.42
20548,130,2,89.39001
20563,139,1,230.09
20587,137,1,106.19
20600,134,1,168.14
20612,132,1,66.37
20629,131,1,79.65
20630,130,2,635.4
20640,127,1,44.25
20644,126,1,44.25
20668,122,1,44.25
20674,121,1,163.72
20686,118,1,207.96
20698,115,1,477.88
20709,112,1,66.37
20740,102,1,49.56
20745,98,1,703.54
20756,95,1,181.41
20758,92,1,101.77
20767,160,1,0
20777,169,2,521.85
20783,26,1,105.04
20803,8,29,26934.484
20806,112,1,176.47
20813,21,1,117.65
20817,57,3,384.87003
20822,78,8,6179
20849,186,1,121.85
20895,169,1,347.90002
20935,162,3,118.49
20941,183,2,957.99
20961,331,2,-42.86
20972,305,1,331.93
20978,96,3,75.630066
20994,7,4,1412.61
21008,152,3,400.84
21009,62,1,0
21017,7,1,85.29
21027,358,1,171.42001
21038,68,3,2167.23
21049,362,1,88.24
21056,358,1,0
21058,216,2,316.81
21069,355,1,12.599991
21070,354,1,138.66
21075,170,3,605.04004
21083,350,1,47.9
21090,349,1,0
21093,349,1,136.13
21105,347,1,627.73
21115,344,1,0
21119,343,1,30.25
21128,338,1,201.68
21129,337,1,45.37999
21162,320,1,229.42
21175,313,1,655.45996
21183,305,3,113.439995
21190,305,1,392.43002
21213,251,2,4.2000046
21247,232,1,138.66
21259,224,1,138.66
21264,113,2,487.40002
21273,215,1,210.08
21278,209,1,138.66
21286,208,1,155.46
21297,200,1,336.14
21318,169,1,98.32
21321,63,2,417.64
21329,155,3,781.51
21336,159,2,196.64
21351,153,1,95.8
21369,140,1,231.09
21372,134,1,239.5
21377,130,1,32.770004
21379,125,1,0
21401,102,1,260.5
21407,95,1,147.06
21415,81,1,441.16998
21418,75,1,21
21428,7,2,98.740005
21437,41,2,852.09
21451,47,1,151.26
21454,43,1,92.44
21466,30,1,-348.74
21481,16,1,0
21502,7,1,220.17
21513,0,1,147.06
21517,0,1,928.57
21543,110,7,859.26
21547,208,2,969.74
21549,65,1,310.92
21551,236,1,529.41003
21589,55,8,658.4
21603,167,1,133.61
21604,169,2,890.3501
21640,1,1,182.35
21643,363,1,105.04
21646,82,5,826.48
21660,2,2,718.48004
21676,307,1,0
21678,312,1,178.99
21684,189,1,302.52002
21703,116,1,243.7
21757,312,1,130.25
21777,308,1,617.65
21789,89,9,1497.05
21790,51,1,12.610001
21795,97,1,268.91
21799,74,1,193.28
21800,343,1,52.94
21815,167,1,57.98
21830,340,1,579.83
21839,148,4,709.24
21876,81,1,142.86
21890,243,2,247.9
21891,95,2,299.58
21894,2,2,681.08997
21911,363,1,37.809998
21934,308,2,8.400002
21943,354,1,-46.210007
21988,237,3,412.36
21998,347,1,156.3
22006,347,1,350.42
22024,344,1,63.03
22061,334,1,277.31003
22069,333,1,249.58
22072,331,1,-42.86
22074,330,1,320.17
22086,327,1,107.57
22089,326,1,115.97
22103,202,2,494.12
22108,316,1,231.09
22111,163,2,282.35
22122,309,1,654.62
22124,308,1,252.1
22135,300,1,211.77
22152,279,1,1050.42
22154,285,1,92.44
22167,277,1,79.83
22178,260,1,848.75
22183,259,1,525.22
22206,243,1,197.48
22215,235,1,197.48
22217,232,1,226.89
22221,230,1,184.87
22223,229,1,226.89
22232,224,1,315.13998
22234,27,5,815.1201
22248,218,1,109.24
22290,207,1,1260.08
22293,204,1,231.09
22302,18,8,2918.9
22308,198,1,126.05
22310,186,3,710.07996
22321,193,1,184.87
22327,190,1,92.44
22328,190,1,121.85
22345,181,1,201.68
22361,174,1,142.86
22365,172,1,155.46
22368,169,1,126.05
22371,62,2,303.36
22397,90,2,336.13
22414,160,1,209.25
22416,156,2,127.73
22437,149,1,22.68
22442,148,1,242.02
22443,147,1,60.5
22455,144,1,262.18
22483,132,1,50.42
22504,125,2,284.88
22506,125,1,88.24
22521,118,1,180.67
22534,109,1,119.74
22537,104,2,1067.21
22548,102,1,1340.7499
22575,85,2,474.79004
22581,83,1,420.17
22588,18,2,493.7
22589,81,1,50.42
22604,62,1,193.28
22610,55,1,4.199997
22624,36,3,1442.44
22625,46,1,109.24
22640,34,1,0
22645,25,3,3397.06
22649,30,1,218.49
22668,21,1,158.82
22669,20,1,85.29
22673,14,2,237.82
22675,19,1,129.41
22697,13,1,539.07
22704,11,1,411.76
22711,11,1,123.53
22725,8,1,320.59
22727,8,1,108.82
22751,2,1,152.94
22754,2,1,-58.82
22757,2,1,28.989998
22768,0,1,11.7599945
22771,0,1,67.23
22783,240,1,126.05
22794,19,16,12030.211
22797,11,1,367.65
22798,179,6,1202.1101
22814,39,1,264.71
22815,362,1,390.75
22865,15,1,1708.82
22867,235,3,1903.36
22876,263,1,193.28
22881,53,5,3152.64
22883,230,1,405.46
22899,238,1,264.71002
22901,352,1,54.62999
22905,134,1,174.79
22920,131,1,368.07
22925,358,1,284.87
22937,42,1,397.9
22953,293,1,37.82
22954,41,4,426.46997
22957,235,1,46.22
22962,347,1,147.04999
22970,32,1,1337.8201
22972,117,1,544.25
22977,114,3,1028.57
22980,169,1,30.25
22995,60,3,642.43
23010,167,1,701.68
23025,246,1,294.12
23028,0,1,155.46
23039,53,3,2443.29
23048,328,1,294.96
23061,344,1,335.29
23063,217,2,180.67
23075,4,1,105.88
23083,134,3,615.97003
23084,57,1,222.69
23099,176,1,173.95
23114,181,1,105.88
23123,172,2,665.55
23130,334,1,317.65
23134,207,1,75.629974
23136,323,1,193.28
23140,246,1,63.03
23150,83,3,432.77002
23152,162,2,245.38
23178,252,1,105.04
23185,26,2,1693.2803
23215,295,1,105.04
23222,1,1,67.23
23227,141,2,599.99
23236,179,1,216.81
23243,201,1,33.61
23249,267,1,33.61
23280,172,3,211.76
23284,4,1,0
23292,156,1,128.57
23301,162,2,180.54
23303,208,1,214.29
23308,162,1,294.12
23317,32,2,1105.88
23318,277,1,256.3
23333,333,1,83.19
23338,168,2,1310.91
23364,172,1,231.94
23385,10,3,1887.8401
23392,8,1,0
23399,202,2,331.94
23404,155,2,1653.78
23407,190,2,243.70001
23431,362,1,483.19
23437,361,1,504.21
23452,358,1,134.45
23499,347,2,60.5
23512,112,3,36.98999
23532,316,1,632.77
23545,349,1,60.5
23557,142,2,379.83002
23561,348,1,80.67
23562,348,1,768.92
23563,348,1,146.22
23579,173,2,1770.6
23587,347,1,80.67
23600,201,3,929.4199
23644,341,1,655.46
23648,341,1,136.13
23673,338,1,236.97
23679,338,1,0
23709,334,1,156.3
23718,333,1,478.99
23725,328,1,418.49
23729,330,1,3902.5098
23743,328,1,332.77002
23749,328,1,-108.4
23751,327,1,88.24
23753,327,1,138.66
23758,326,1,1571.42
23766,324,1,12.599998
23772,323,1,136.13
23784,321,1,226.89
23790,320,1,594.95996
23792,320,1,211.76
23794,74,2,1615.1299
23796,320,1,199.16
23801,319,1,231.09
23816,314,1,1616.8201
23838,308,1,264.7
23843,307,1,105.04
23849,306,1,272.27
23855,305,1,109.23999
23862,302,1,52.100002
23879,279,2,537.82
23902,284,2,361.34
23903,278,2,415.97
23905,280,1,231.09
23909,278,1,138.66
23932,266,1,96.64
23934,265,1,533.61
23991,252,1,100.84
23998,251,1,25.219997
24001,250,1,231.09
24031,240,1,75.63
24037,187,2,2010.9299
24043,238,1,861.35
24045,236,1,130.25
24049,235,1,130.25
24053,235,1,693.28
24076,211,2,116.810005
24082,223,3,1323.95
24084,226,1,151.26
24121,218,1,-8.410004
24124,218,1,315.13
24133,216,1,100.84
24141,215,1,0
24172,204,2,1267.22
24178,173,4,1641.1699
24189,187,1,1046.22
24206,197,1,352.94
24208,195,1,264.71
24231,187,1,987.39
24236,186,1,226.89
24239,172,2,1674.79
24246,169,1,282.35
24247,182,1,63.03
24268,120,2,760.5
24271,176,1,117.65
24273,176,1,689.07996
24301,74,4,188.65
24305,170,1,678.15
24324,166,2,173.95
24347,166,1,336.13
24352,165,1,33.61
24353,165,1,415.96997
24360,165,1,148.74
24367,163,1,-8.409996
24372,162,1,235.3
24374,162,1,705.89
24405,156,1,95.8
24407,155,1,181.51999
24410,155,1,221.85
24416,153,1,79.83
24420,153,1,294.96
24426,151,1,1550
24436,141,2,254.62
24442,124,2,736.97003
24450,146,1,83.19
24476,71,2,216.81
24483,140,1,393.28
24486,140,1,278.99
24489,139,1,88.24
24494,135,1,0
24496,135,1,2533.61
24500,134,1,176.47
24504,134,1,105.04
24530,126,1,613.45
24531,126,1,105.04
24534,125,1,93.28
24543,124,1,138.66
24547,124,1,117.65
24575,107,2,306.72
24586,88,2,1134.47
24595,109,1,105.04
24599,107,1,201.68
24602,106,1,94.54
24605,96,2,323.53
24614,97,1,1255.46
24616,97,1,151.26
24634,83,1,-4.2100067
24658,69,1,142.86
24671,61,1,0
24717,27,2,210.08
24721,36,2,2373.53
24790,12,1,684.88
24812,7,1,134.45
24821,0,2,48.75
24826,3,1,54.62
24844,0,1,135.29
24859,225,1,92.44
24868,258,2,445.38
24878,238,1,88.24
24883,151,1,142.86
24898,142,1,189.08
24933,93,8,657.62
24936,167,1,161.34
24949,9,2,302.94
24956,347,1,231.09
24957,166,4,650.01
24959,167,1,315.13
24966,179,1,385.71
24967,13,3,584.88
24997,83,5,2198.31
25030,154,1,85.71
25033,326,2,627.72
25042,153,2,282.35
25058,320,1,0
25084,193,5,2363.8699
25086,228,2,235.3
25088,266,1,226.89
25099,258,1,268.91
25102,117,1,71.43
25107,321,1,285.71
25116,253,7,1323.9601
25152,347,1,1218.49
25167,341,1,385.71
25169,341,1,302.52
25173,340,1,186.54999
25179,336,1,421.01
25180,336,1,231.09
25188,225,2,329.83002
25196,330,1,388.24
25202,327,1,60.5
25203,327,1,756.3
25206,326,1,159.66
25230,284,1,247.9
25233,282,1,54.62
25251,256,1,201.68
25252,251,1,42.020004
25254,251,1,103.35999
25255,250,1,831.93
25294,230,1,722.69
25296,229,1,-277.31
25301,225,1,130.26001
25308,222,1,92.44
25316,221,1,831.94
25327,214,1,239.49
25341,167,3,736.97
25343,207,1,46.21
25344,207,1,90.34
25362,197,1,201.68
25371,195,1,226.89
25377,191,1,184.87
25385,183,1,155.46
25394,180,1,161.35
25407,173,1,1999.99
25416,169,1,323.53
25419,168,1,239.5
25426,167,1,32.77
25450,162,1,806.72
25457,161,1,158.82
25463,160,1,322.68
25477,158,1,294.95
25495,155,1,20.170006
25500,154,1,676.88995
25532,144,1,471.43
25536,142,1,10.089996
25541,141,1,285.71
25563,134,1,222.69
25567,134,1,285.71
25575,133,1,70.59
25590,131,1,40.34
25614,126,1,469.74
25625,124,1,831.95
25639,119,1,588.24
25644,117,1,1021.01
25649,113,1,203.36
25662,102,1,1466.39
25663,100,1,357.14
25678,90,1,329.41998
25683,89,1,247.9
25699,76,1,252.1
25701,74,1,210.08
25706,70,1,218.49
25732,40,1,210.08
25744,19,1,218.49
25764,7,1,164.71
25777,109,1,58.82
25778,33,1,105.04
25808,25,3,596.64
25809,104,1,201.68
25814,194,1,588.24
25820,8,9,2648.3398
25839,169,2,592.44
25899,86,5,2375.21
25906,165,1,268.91
25982,3,1,65.13
25988,333,2,1373.9501
26032,237,4,3922.89
26042,363,1,93.28
26046,204,4,1634.4502
26067,352,1,663.02
26069,352,1,63.02
26079,349,1,257.14
26080,349,1,121.85
26081,349,1,360.5
26090,347,1,285.72
26095,334,2,438.66
26097,344,1,130.25
26107,342,1,131.09
26117,340,1,310.92
26129,333,1,156.3
26130,7,2,319.32
26137,329,1,131.09
26146,322,1,100.84
26169,285,1,840.33997
26177,280,1,905.04
26232,230,1,96.64
26244,172,1,1801.69
26264,214,1,231.09
26266,16,4,3916.79
26275,207,1,256.3
26279,203,1,109.24
26300,187,1,176.47
26301,81,2,307.56
26325,176,1,92.44
26346,169,1,131.09
26352,167,1,46.22
26354,166,1,775.63
26361,166,1,833.61
26375,163,1,147.06
26384,162,1,162.19
26404,151,2,1025.21
26406,155,1,947.9
26413,152,1,256.3
26421,151,1,102.1
26430,145,1,244.54
26440,137,1,126.05
26455,104,2,483.19995
26475,92,1,226.9
26479,83,1,521.01
26481,81,1,134.45
26484,76,1,96.64
26492,20,2,1086.13
26498,57,1,407.56
26508,53,1,394.96
26510,47,1,-50.42
26533,22,1,184.87
26558,7,1,231.09
26565,3,1,75.63
26566,2,1,79.41
26578,0,1,176.47
26582,23,4,302.52002
26625,8,2,486.55
26632,183,7,745.3699
26646,85,3,1191.6
26686,135,3,109.67
26708,215,1,-12.610001
26743,4,2,216.79999
26745,305,1,126.05
26756,9,1,0
26784,221,1,226.89
26813,348,1,236.98
26814,180,1,67.23
26851,235,3,-2.0999985
26866,355,1,218.49
26878,350,1,219.33
26891,341,2,539.49
26894,347,1,544.54
26896,347,1,37.82
26897,347,1,134.45
26901,344,1,136.13
26902,286,2,0
26905,179,2,220.17001
26906,341,1,191.6
26912,340,1,361.34
26932,333,1,115.97
26934,333,1,310.92
26948,326,1,168.07
26949,324,1,453.78
26959,321,1,500
26960,321,1,331.93
26961,321,1,117.65
26980,313,1,235.29
26981,313,1,32.769997
27017,292,1,243.7
27022,291,1,176.47
27024,291,1,193.28
27030,287,1,277.31
27040,284,1,735.3
27047,97,5,594.92
27054,277,1,285.71
27061,111,3,1831.9302
27067,267,1,231.1
27072,110,3,1050.42
27078,173,6,2440.34
27083,263,1,226.89
27097,256,1,516.81
27099,256,1,252.1
27101,254,1,159.66
27102,254,1,155.46
27131,243,1,420.17
27140,239,1,16.810005
27149,235,1,100.84
27161,231,1,151.26
27163,218,1,1756.3099
27164,230,1,894.95996
27166,229,1,466.39
27197,214,1,4.199997
27204,210,1,1168.0701
27210,209,1,0
27230,202,1,516.81
27236,198,1,756.3
27238,197,1,252.1
27239,196,1,126.05
27254,188,1,487.4
27255,188,1,516.81
27257,21,9,3915.9697
27258,186,1,546.22
27259,186,1,508.4
27263,184,1,252.1
27267,2,2,177.32
27280,177,1,61.34
27289,174,1,924.37
27294,173,1,0
27296,173,1,300
27320,168,1,327.73
27328,166,1,52.94
27331,165,1,2016.8
27332,165,1,248.73999
27334,165,1,172.26999
27358,160,1,327.73
27362,160,1,37.809998
27383,155,1,752.1
27407,151,1,55.46
27412,148,1,63.02
27413,148,1,134.46
27430,141,1,214.29
27451,131,1,264.71
27453,131,1,79.83
27455,130,1,465.13
27456,130,1,368.07
27474,102,4,844.54004
27477,123,1,31.51
27486,118,1,242.01
27488,117,1,70.59
27514,107,1,206.72
27530,96,1,848.74
27543,89,1,504.2
27548,85,1,420.17
27573,61,1,705.88
27590,43,1,760.51
27600,33,1,208.4
27613,4,3,720.58997
27629,10,1,64.71
27639,4,1,2.9400024
27649,2,1,367.65
27651,2,1,313.44
27662,258,1,1012.61
27667,329,1,40.34
27677,265,1,109.24
27685,166,2,371.84
27688,254,1,747.9
27714,279,1,378.15
27726,264,1,550.42
27735,253,1,491.6
27736,251,1,239.5
27754,214,2,863.02997
27763,216,1,202.52
27772,197,1,130.25
27788,167,1,484.03
27801,155,1,534.45
27827,118,1,827.73
27839,76,2,1660.51
27848,12,2,995.8
27869,20,1,99.16
27888,2,1,28.979996
27909,39,1,147.9
27924,39,1,168.06999
27935,37,1,73.53
27955,34,1,134.45
27963,26,2,213.87
27971,33,1,102.52
27982,32,1,38.66
27989,32,1,132.77
27997,32,1,123.95
28006,29,1,55.46
28018,29,1,230.67001
28027,28,1,193.28
28035,27,1,56.72
28038,27,1,40.34
28049,26,1,75.63
28078,25,1,228.57
28095,22,1,33.61
28102,22,1,201.68
28121,20,1,59.24
28150,18,1,132.77
28151,18,1,65.13
28160,16,1,214.29001
28162,16,1,68.91
28168,15,1,92.44
28188,14,1,48.74
28197,13,1,13.45
28204,12,1,142.86
28208,12,1,97.06
28222,11,1,36.55
28229,11,1,222.26
28234,11,1,63.03
28236,11,1,95.8
28237,11,1,40.34
28298,9,1,300.01
28300,9,1,50.42
28309,8,1,52.52
28311,8,1,127.729996
28321,8,1,65.55
28327,8,1,40.34
28333,2,2,68.91
28340,7,1,84.03
28341,7,1,416.39
28353,7,1,165.55
28355,7,1,189.08
28370,4,1,699.16
28381,4,1,189.91
28388,4,1,454.63
28389,4,1,16.81
28395,4,1,38.66
28397,2,1,299.99
28401,2,1,69.33
28405,2,1,40.34
28421,2,1,126.05
28430,1,1,84.03
28435,1,1,165.97
28440,1,1,21.43
28444,0,1,56.47
28452,0,1,95.8
28453,0,1,298.75
28462,331,2,119.75
28477,47,2,1009.24
28478,9,5,2518.0698
28489,351,1,1411.76
28496,313,1,642.86
28510,222,1,1655.46
28521,154,1,2334.03
28537,175,1,60.5
28543,348,1,257.13998
28544,152,2,2626.05
28566,242,2,289.91
28569,155,3,1379
28575,330,1,350.42
28579,251,1,306.72
28582,139,2,54.620003
28588,109,2,194.95999
28590,228,1,491.58997
28602,355,1,0
28619,148,2,422.69
28629,148,2,331.94
28630,16,3,1052.52
28634,195,1,163.87
28645,214,1,1324.37
28666,10,4,535.70996
28674,25,1,158.82
28690,291,1,426.9
28693,7,4,618.07
28694,336,2,273.11
28696,232,1,840.33997
28702,363,1,-7.62939E-06
28708,349,2,87.4
28715,356,3,1620.6
28721,3,2,36.969997
28725,351,1,1036.55
28727,351,1,161.34
28730,335,2,978.1599
28754,345,1,389.49
28759,344,1,281.93
28764,340,1,172.69
28768,340,1,219.33
28769,340,1,70.59
28781,334,1,181.51
28788,208,3,1691.1799
28795,236,2,266.81
28806,284,2,168.07
28810,319,1,63.03
28828,302,1,142.86
28853,286,1,55.46
28858,284,1,235.29001
28862,279,1,348.74
28898,236,1,921.01
28924,224,1,63.03
28929,121,5,1381.5099
28937,218,1,40.34
28956,208,1,184.87
28958,114,2,130.25
28964,203,1,4197.4897
28970,41,2,1689.49
28983,186,1,100.84
29002,65,2,284.88
29007,9,5,2599.99
29041,162,1,1252.94
29058,158,1,46.22
29060,156,1,70.59
29066,153,1,109.25
29080,145,1,299.58002
29082,145,1,37.82
29088,137,1,100.84
29093,132,1,789.92
29157,98,1,508.4
29163,67,3,298.32004
29175,89,1,138.66
29205,61,3,3674.3901
29220,19,2,1223.54
29226,48,1,134.45
29238,41,1,294.12
29247,32,1,211.76
29256,8,4,2107.9897
29264,19,1,50.42
29267,7,2,0
29268,15,1,63.03
29283,7,1,594.12
29287,3,1,212.19
29288,3,1,214.28
29300,21,6,3044.12
29323,286,1,247.9
29339,147,1,193.28
29341,13,1,323.53
29368,109,1,615.97003
29369,92,4,4982.7803
29381,12,11,6706.7207
29393,337,1,484.03
29408,55,1,67.23
29416,86,3,1566.3799
29420,176,2,672.4
29428,13,2,1409.6699
29435,207,3,1438.66
29449,341,1,199.16
29452,327,1,216.81
29464,356,1,927.73
29495,334,1,55.46
29502,27,2,2084.03
29516,310,1,110.92
29536,280,1,134.45
29551,210,3,542.02
29561,245,1,1634.45
29569,235,1,331.93
29573,235,1,46.21
29592,209,1,247.9
29594,194,1,718.49
29598,204,1,445.38
29603,195,1,235.29
29620,181,1,325.21
29636,169,1,42.86
29653,158,1,897.48
29657,9,2,277.31
29664,145,1,515.55
29666,145,1,426.88
29670,141,1,194.12
29685,118,1,87.4
29688,114,1,0
29691,103,1,184.87
29695,95,1,798.32
29716,46,1,588.24
29721,37,1,25.21
29731,22,1,29.410004
29763,164,1,216.81
29764,163,1,85.71
29775,156,1,380.66998
29789,144,1,80.68
29790,144,1,484.03998
29794,137,1,337.82
29795,134,1,151.26
29806,123,1,184.03
29811,118,1,1.6800003
29813,117,1,87.39
29815,117,1,96.64
29821,106,1,873.52997
29825,96,1,834.03
29833,86,1,60.92
29842,49,1,46.22
29848,10,1,735.29
29877,7,3,352.94
29905,356,1,176.47
29909,355,1,-0.32000732
29913,354,1,218.49
29919,351,1,292.44
29965,173,2,221.01
29975,335,1,1563.03
29978,334,1,831.93
29980,330,1,121.85
29982,286,2,279
29985,176,2,1798.3201
29995,175,2,816.81
30000,316,1,697.48
30011,307,1,1478.99
30019,292,1,533.61
30033,187,3,638.65
30034,285,1,252.1
30041,279,1,386.55
30053,264,1,281.51
30063,259,1,378.15
30072,253,1,126.05
30092,239,1,361.34
30101,233,1,466.39
30111,228,1,273.11
30112,226,1,176.47
30116,212,2,8.399994
30120,216,1,3151.26
30128,204,1,697.48
30131,209,1,205.89001
30144,198,2,1360.5
30148,202,1,781.51
30152,194,2,1785.72
30164,190,1,474.79
30173,181,1,550.42
30197,167,1,148.74
30213,160,1,149.16
30217,158,1,65.13
30221,154,1,32.77
30231,148,1,219.33
30240,144,1,193.28
30252,135,1,48.739998
30254,134,1,418.49
30256,133,1,231.93
30263,126,1,1106.72
30265,126,1,756.3
30281,6,4,3963.88
30285,107,1,1247.9
30287,41,2,2907.56
30288,103,1,106.72
30290,102,1,1050.42
30309,86,1,1778.15
30321,65,1,1157.14
30359,14,1,-289.92
30366,9,1,700
30372,4,2,23.530003
30386,223,2,402.50998
30401,253,1,605.04004
30405,345,1,63.03
30422,349,1,128.57
30424,29,3,577.31
30441,183,1,298.32
30447,134,3,1540.3501
30457,251,1,63.03
30464,208,1,151.26
30492,9,1,-1.6899948
30493,55,1,14.289993
30496,159,3,481.93002
30521,225,1,1319.33
30523,111,1,497.48
